Feature,Correlation_with_Target
Income,0.043991157853708114
Account_Tenure,0.03982934527320295
Credit_Score,0.034819547408243966
Debt_to_Income_Ratio,0.034385802726707104
Credit_Utilization,0.03422449955539495
Missed_Payments,0.026478023457365663
Age,0.02250805119125077
Loan_Balance,0.005437732266976428
